size,seen,unseen,proportion
3,1,2,0.3333333333333333
4,2,2,0.5
5,2,3,0.4
6,3,3,0.5
7,3,4,0.42857142857142855
8,2,6,0.25
9,4,5,0.4444444444444444
10,6,4,0.6
11,4,7,0.36363636363636365
12,3,9,0.25
13,4,9,0.3076923076923077
14,6,8,0.42857142857142855
15,3,12,0.2
16,6,10,0.375
17,6,11,0.35294117647058826
18,4,14,0.2222222222222222
19,7,12,0.3684210526315789
20,7,13,0.35
21,8,13,0.38095238095238093
22,9,13,0.4090909090909091
23,4,19,0.17391304347826086
24,5,19,0.20833333333333334
25,7,18,0.28
26,4,22,0.15384615384615385
27,14,13,0.5185185185185185
28,6,22,0.21428571428571427
29,9,20,0.3103448275862069
30,6,24,0.2
31,5,26,0.16129032258064516
32,11,21,0.34375
33,10,23,0.30303030303030304
34,10,24,0.29411764705882354
35,12,23,0.34285714285714286
36,5,31,0.1388888888888889
37,11,26,0.2972972972972973
38,12,26,0.3157894736842105
39,5,34,0.1282051282051282
40,11,29,0.275
41,6,35,0.14634146341463414
42,8,34,0.19047619047619047
43,13,30,0.3023255813953488
44,9,35,0.20454545454545456
45,8,37,0.17777777777777778
46,12,34,0.2608695652173913
47,14,33,0.2978723404255319
48,6,42,0.125
49,7,42,0.14285714285714285
50,10,40,0.2
51,10,41,0.19607843137254902
52,9,43,0.17307692307692307
53,6,47,0.11320754716981132
54,14,40,0.25925925925925924
55,17,38,0.3090909090909091
56,6,50,0.10714285714285714
57,12,45,0.21052631578947367
58,21,37,0.3620689655172414
59,8,51,0.13559322033898305
60,7,53,0.11666666666666667
61,17,44,0.2786885245901639
62,9,53,0.14516129032258066
63,15,48,0.23809523809523808
64,11,53,0.171875
65,11,54,0.16923076923076924
66,10,56,0.15151515151515152
67,7,60,0.1044776119402985
68,11,57,0.16176470588235295
69,12,57,0.17391304347826086
70,12,58,0.17142857142857143
71,9,62,0.1267605633802817
72,7,65,0.09722222222222222
73,16,57,0.2191780821917808
74,25,49,0.33783783783783783
75,7,68,0.09333333333333334
76,12,64,0.15789473684210525
77,19,58,0.24675324675324675
78,11,67,0.14102564102564102
79,10,69,0.12658227848101267
80,13,67,0.1625
81,16,65,0.19753086419753085
82,21,61,0.25609756097560976
83,8,75,0.0963855421686747
84,13,71,0.15476190476190477
85,15,70,0.17647058823529413
86,16,70,0.18604651162790697
87,16,71,0.1839080459770115
88,9,79,0.10227272727272728
89,23,66,0.25842696629213485
90,8,82,0.08888888888888889
91,15,76,0.16483516483516483
92,13,79,0.14130434782608695
93,13,80,0.13978494623655913
94,15,79,0.1595744680851064
95,8,87,0.08421052631578947
96,11,85,0.11458333333333333
97,11,86,0.1134020618556701
98,8,90,0.08163265306122448
99,21,78,0.21212121212121213
100,14,86,0.14
101,9,92,0.0891089108910891
102,10,92,0.09803921568627451
103,16,87,0.1553398058252427
104,25,79,0.2403846153846154
105,12,93,0.11428571428571428
106,14,92,0.1320754716981132
107,27,80,0.2523364485981308
108,18,90,0.16666666666666666
109,12,97,0.11009174311926606
110,17,93,0.15454545454545454
111,29,82,0.26126126126126126
112,9,103,0.08035714285714286
113,29,84,0.25663716814159293
114,12,102,0.10526315789473684
115,17,98,0.14782608695652175
116,24,92,0.20689655172413793
117,18,99,0.15384615384615385
118,12,106,0.1016949152542373
119,9,110,0.07563025210084033
120,11,109,0.09166666666666666
121,13,108,0.10743801652892562
122,24,98,0.19672131147540983
123,24,99,0.1951219512195122
124,9,115,0.07258064516129033
125,21,104,0.168
126,15,111,0.11904761904761904
127,9,118,0.07086614173228346
128,18,110,0.140625
129,19,110,0.14728682170542637
130,25,105,0.19230769230769232
131,14,117,0.10687022900763359
132,10,122,0.07575757575757576
133,16,117,0.12030075187969924
134,26,108,0.19402985074626866
135,14,121,0.1037037037037037
136,18,118,0.1323529411764706
137,24,113,0.17518248175182483
138,12,126,0.08695652173913043
139,11,128,0.07913669064748201
140,16,124,0.11428571428571428
141,16,125,0.11347517730496454
142,20,122,0.14084507042253522
143,10,133,0.06993006993006994
144,20,124,0.1388888888888889
145,16,129,0.1103448275862069
146,16,130,0.1095890410958904
147,28,119,0.19047619047619047
148,31,117,0.20945945945945946
149,22,127,0.1476510067114094
150,10,140,0.06666666666666667
151,35,116,0.23178807947019867
152,13,139,0.08552631578947369
153,20,133,0.13071895424836602
154,23,131,0.14935064935064934
155,10,145,0.06451612903225806
156,11,145,0.07051282051282051
157,28,129,0.17834394904458598
158,10,148,0.06329113924050633
159,14,145,0.0880503144654088
160,24,136,0.15
161,12,149,0.07453416149068323
162,22,140,0.13580246913580246
163,14,149,0.08588957055214724
164,24,140,0.14634146341463414
165,18,147,0.10909090909090909
166,32,134,0.1927710843373494
167,24,143,0.1437125748502994
168,14,154,0.08333333333333333
169,11,158,0.0650887573964497
170,15,155,0.08823529411764706
171,20,151,0.11695906432748537
172,23,149,0.13372093023255813
173,17,156,0.09826589595375723
174,24,150,0.13793103448275862
175,24,151,0.13714285714285715
176,25,151,0.14204545454545456
177,32,145,0.1807909604519774
178,33,145,0.1853932584269663
179,19,160,0.10614525139664804
180,11,169,0.06111111111111111
181,13,168,0.0718232044198895
182,15,167,0.08241758241758242
183,24,159,0.13114754098360656
184,15,169,0.08152173913043478
185,25,160,0.13513513513513514
186,17,169,0.0913978494623656
187,11,176,0.058823529411764705
188,15,173,0.0797872340425532
189,33,156,0.1746031746031746
190,27,163,0.14210526315789473
191,16,175,0.08376963350785341
192,11,181,0.057291666666666664
193,28,165,0.14507772020725387
194,23,171,0.11855670103092783
195,11,184,0.05641025641025641
196,32,164,0.16326530612244897
197,12,185,0.06091370558375635
198,21,177,0.10606060606060606
199,14,185,0.07035175879396985
200,42,158,0.21
201,26,175,0.12935323383084577
202,16,186,0.07920792079207921
203,49,154,0.2413793103448276
204,13,191,0.06372549019607843
205,21,184,0.1024390243902439
206,16,190,0.07766990291262135
207,27,180,0.13043478260869565
208,28,180,0.1346153846153846
209,26,183,0.12440191387559808
210,12,198,0.05714285714285714
211,20,191,0.0947867298578199
212,17,195,0.08018867924528301
213,36,177,0.16901408450704225
214,35,179,0.16355140186915887
215,16,199,0.07441860465116279
216,22,194,0.10185185185185185
217,22,195,0.10138248847926268
218,20,198,0.09174311926605505
219,16,203,0.0730593607305936
220,17,203,0.07727272727272727
221,12,209,0.05429864253393665
222,29,193,0.13063063063063063
223,13,210,0.05829596412556054
224,25,199,0.11160714285714286
225,24,201,0.10666666666666667
226,40,186,0.17699115044247787
227,26,201,0.1145374449339207
228,12,216,0.05263157894736842
229,39,190,0.1703056768558952
230,17,213,0.07391304347826087
231,23,208,0.09956709956709957
232,26,206,0.11206896551724138
233,12,221,0.05150214592274678
234,18,216,0.07692307692307693
235,22,213,0.09361702127659574
236,12,224,0.05084745762711865
237,20,217,0.08438818565400844
238,21,217,0.08823529411764706
239,38,201,0.1589958158995816
240,13,227,0.05416666666666667
241,25,216,0.1037344398340249
242,17,225,0.07024793388429752
243,16,227,0.06584362139917696
244,24,220,0.09836065573770492
245,28,217,0.11428571428571428
246,24,222,0.0975609756097561
247,30,217,0.1214574898785425
248,17,231,0.06854838709677419
249,39,210,0.1566265060240964
250,21,229,0.084
251,14,237,0.055776892430278883
252,15,237,0.05952380952380952
253,13,240,0.05138339920948617
254,32,222,0.12598425196850394
255,18,237,0.07058823529411765
256,28,228,0.109375
257,33,224,0.12840466926070038
258,19,239,0.07364341085271318
259,39,220,0.15057915057915058
260,25,235,0.09615384615384616
261,25,236,0.09578544061302682
262,21,241,0.08015267175572519
263,17,246,0.06463878326996197
264,13,251,0.04924242424242424
265,31,234,0.1169811320754717
266,27,239,0.10150375939849623
267,33,234,0.12359550561797752
268,32,236,0.11940298507462686
269,24,245,0.08921933085501858
270,14,256,0.05185185185185185
271,13,258,0.04797047970479705
272,20,252,0.07352941176470588
273,22,251,0.08058608058608059
274,24,250,0.08759124087591241
275,38,237,0.13818181818181818
276,13,263,0.04710144927536232
277,30,247,0.10830324909747292
278,23,255,0.08273381294964029
279,13,266,0.04659498207885305
280,16,264,0.05714285714285714
281,15,266,0.05338078291814947
282,22,260,0.07801418439716312
283,18,265,0.0636042402826855
284,32,252,0.11267605633802817
285,30,255,0.10526315789473684
286,25,261,0.08741258741258741
287,14,273,0.04878048780487805
288,22,266,0.0763888888888889
289,25,264,0.08650519031141868
290,21,269,0.07241379310344828
291,23,268,0.07903780068728522
292,44,248,0.1506849315068493
293,46,247,0.15699658703071673
294,28,266,0.09523809523809523
295,28,267,0.09491525423728814
296,31,265,0.10472972972972973
297,21,276,0.0707070707070707
298,33,265,0.11073825503355705
299,19,280,0.06354515050167224
300,14,286,0.04666666666666667
301,26,275,0.08637873754152824
302,46,256,0.152317880794702
303,28,275,0.0924092409240924
304,15,289,0.049342105263157895
305,37,268,0.12131147540983607
306,20,286,0.06535947712418301
307,29,278,0.09446254071661238
308,36,272,0.11688311688311688
309,26,283,0.08414239482200647
310,24,286,0.07741935483870968
311,14,297,0.04501607717041801
312,26,286,0.08333333333333333
313,29,284,0.0926517571884984
314,31,283,0.09872611464968153
315,29,286,0.09206349206349207
316,53,263,0.16772151898734178
317,19,298,0.05993690851735016
318,14,304,0.0440251572327044
319,28,291,0.0877742946708464
320,24,296,0.075
321,35,286,0.10903426791277258
322,33,289,0.10248447204968944
323,14,309,0.043343653250773995
324,23,301,0.07098765432098765
325,38,287,0.11692307692307692
326,14,312,0.04294478527607362
327,20,307,0.06116207951070336
328,29,299,0.08841463414634146
329,29,300,0.08814589665653495
330,18,312,0.05454545454545454
331,20,311,0.06042296072507553
332,32,300,0.0963855421686747
333,33,300,0.0990990990990991
334,24,310,0.0718562874251497
335,62,273,0.18507462686567164
336,30,306,0.08928571428571429
337,41,296,0.12166172106824925
338,37,301,0.10946745562130178
339,55,284,0.16224188790560473
340,15,325,0.04411764705882353
341,17,324,0.04985337243401759
342,20,322,0.05847953216374269
343,30,313,0.08746355685131195
344,24,320,0.06976744186046512
345,28,317,0.08115942028985507
346,35,311,0.10115606936416185
347,54,293,0.15561959654178675
348,24,324,0.06896551724137931
349,29,320,0.0830945558739255
350,24,326,0.06857142857142857
351,20,331,0.05698005698005698
352,35,317,0.09943181818181818
353,15,338,0.042492917847025496
354,39,315,0.11016949152542373
355,20,335,0.056338028169014086
356,50,306,0.1404494382022472
357,21,336,0.058823529411764705
358,19,339,0.05307262569832402
359,47,312,0.1309192200557103
360,41,319,0.11388888888888889
361,40,321,0.11080332409972299
362,31,331,0.0856353591160221
363,16,347,0.0440771349862259
364,15,349,0.04120879120879121
365,46,319,0.12602739726027398
366,24,342,0.06557377049180328
367,38,329,0.10354223433242507
368,26,342,0.07065217391304347
369,46,323,0.12466124661246612
370,25,345,0.06756756756756757
371,15,356,0.04043126684636118
372,17,355,0.0456989247311828
373,22,351,0.058981233243967826
374,37,337,0.09893048128342247
375,21,354,0.056
376,15,361,0.0398936170212766
377,54,323,0.14323607427055704
378,33,345,0.0873015873015873
379,15,364,0.0395778364116095
380,43,337,0.11315789473684211
381,36,345,0.09448818897637795
382,16,366,0.041884816753926704
383,23,360,0.06005221932114883
384,20,364,0.052083333333333336
385,47,338,0.12207792207792208
386,32,354,0.08290155440414508
387,21,366,0.05426356589147287
388,26,362,0.06701030927835051
389,36,353,0.09254498714652956
390,25,365,0.0641025641025641
391,34,357,0.08695652173913043
392,32,360,0.08163265306122448
393,21,372,0.05343511450381679
394,29,365,0.07360406091370558
395,23,372,0.05822784810126582
396,43,353,0.10858585858585859
397,29,368,0.07304785894206549
398,34,364,0.08542713567839195
399,16,383,0.040100250626566414
400,44,356,0.11
401,17,384,0.04239401496259352
402,26,376,0.06467661691542288
403,45,358,0.11166253101736973
404,29,375,0.07178217821782178
405,30,375,0.07407407407407407
406,49,357,0.1206896551724138
407,33,374,0.08108108108108109
408,18,390,0.04411764705882353
409,35,374,0.08557457212713937
410,21,389,0.05121951219512195
411,24,387,0.058394160583941604
412,16,396,0.038834951456310676
413,52,361,0.12590799031476999
414,27,387,0.06521739130434782
415,32,383,0.07710843373493977
416,38,378,0.09134615384615384
417,23,394,0.05515587529976019
418,26,392,0.06220095693779904
419,60,359,0.1431980906921241
420,28,392,0.06666666666666667
421,24,397,0.057007125890736345
422,33,389,0.07819905213270142
423,16,407,0.037825059101654845
424,17,407,0.04009433962264151
425,33,392,0.07764705882352942
426,36,390,0.08450704225352113
427,34,393,0.07962529274004684
428,47,381,0.10981308411214953
429,36,393,0.08391608391608392
430,16,414,0.037209302325581395
431,20,411,0.04640371229698376
432,22,410,0.05092592592592592
433,66,367,0.15242494226327943
434,22,412,0.05069124423963134
435,16,419,0.0367816091954023
436,22,414,0.05045871559633028
437,39,398,0.08924485125858124
438,16,422,0.0365296803652968
439,18,421,0.04100227790432802
440,25,415,0.056818181818181816
441,46,395,0.10430839002267574
442,19,423,0.042986425339366516
443,17,426,0.03837471783295711
444,31,413,0.06981981981981981
445,37,408,0.08314606741573034
446,35,411,0.07847533632286996
447,34,413,0.07606263982102908
448,37,411,0.08258928571428571
449,25,424,0.0556792873051225
450,24,426,0.05333333333333334
451,37,414,0.082039911308204
452,54,398,0.11946902654867257
453,46,407,0.10154525386313466
454,42,412,0.09251101321585903
455,37,418,0.08131868131868132
456,28,428,0.06140350877192982
457,32,425,0.0700218818380744
458,72,386,0.1572052401746725
459,34,425,0.07407407407407407
460,17,443,0.03695652173913044
461,23,438,0.049891540130151846
462,23,439,0.049783549783549784
463,21,442,0.04535637149028078
464,30,434,0.06465517241379311
465,47,418,0.1010752688172043
466,52,414,0.11158798283261803
467,53,414,0.11349036402569593
468,18,450,0.038461538461538464
469,38,431,0.08102345415778252
470,35,435,0.07446808510638298
471,37,434,0.07855626326963906
472,32,440,0.06779661016949153
473,17,456,0.035940803382663845
474,20,454,0.04219409282700422
475,39,436,0.08210526315789474
476,38,438,0.07983193277310924
477,29,448,0.06079664570230608
478,38,440,0.0794979079497908
479,19,460,0.03966597077244259
480,24,456,0.05
481,38,443,0.079002079002079
482,25,457,0.05186721991701245
483,33,450,0.06832298136645963
484,17,467,0.03512396694214876
485,35,450,0.07216494845360824
486,48,438,0.09876543209876543
487,34,453,0.06981519507186858
488,29,459,0.05942622950819672
489,37,452,0.07566462167689161
490,28,462,0.05714285714285714
491,17,474,0.034623217922606926
492,24,468,0.04878048780487805
493,22,471,0.04462474645030426
494,30,464,0.06072874493927125
495,27,468,0.05454545454545454
496,17,479,0.034274193548387094
497,27,470,0.05432595573440644
498,39,459,0.0783132530120482
499,17,482,0.03406813627254509
500,44,456,0.088
501,24,477,0.04790419161676647
502,55,447,0.10956175298804781
503,39,464,0.0775347912524851
504,30,474,0.05952380952380952
505,60,445,0.1188118811881188
506,34,472,0.06719367588932806
507,55,452,0.10848126232741617
508,32,476,0.06299212598425197
509,63,446,0.1237721021611002
510,18,492,0.03529411764705882
511,41,470,0.08023483365949119
512,54,458,0.10546875
513,26,487,0.050682261208576995
514,51,463,0.09922178988326848
515,20,495,0.038834951456310676
516,24,492,0.046511627906976744
517,28,489,0.05415860735009671
518,58,460,0.11196911196911197
519,40,479,0.07707129094412331
520,28,492,0.05384615384615385
521,44,477,0.08445297504798464
522,25,497,0.04789272030651341
523,23,500,0.04397705544933078
524,56,468,0.10687022900763359
525,24,501,0.045714285714285714
526,67,459,0.12737642585551331
527,18,509,0.03415559772296015
528,35,493,0.06628787878787878
529,24,505,0.045368620037807186
530,31,499,0.05849056603773585
531,39,492,0.07344632768361582
532,41,491,0.07706766917293233
533,29,504,0.054409005628517824
534,33,501,0.06179775280898876
535,42,493,0.07850467289719626
536,36,500,0.06716417910447761
537,56,481,0.1042830540037244
538,49,489,0.09107806691449814
539,19,520,0.03525046382189239
540,18,522,0.03333333333333333
541,45,496,0.08317929759704251
542,25,517,0.046125461254612546
543,58,485,0.10681399631675875
544,34,510,0.0625
545,27,518,0.04954128440366973
546,22,524,0.040293040293040296
547,41,506,0.07495429616087751
548,52,496,0.0948905109489051
549,37,512,0.06739526411657559
550,38,512,0.06909090909090909
551,18,533,0.032667876588021776
552,20,532,0.036231884057971016
553,21,532,0.0379746835443038
554,30,524,0.05415162454873646
555,43,512,0.07747747747747748
556,34,522,0.06115107913669065
557,32,525,0.05745062836624776
558,18,540,0.03225806451612903
559,24,535,0.04293381037567084
560,25,535,0.044642857142857144
561,53,508,0.0944741532976827
562,19,543,0.033807829181494664
563,18,545,0.03197158081705151
564,30,534,0.05319148936170213
565,43,522,0.07610619469026549
566,18,548,0.03180212014134275
567,52,515,0.09171075837742504
568,43,525,0.07570422535211267
569,32,537,0.056239015817223195
570,30,540,0.05263157894736842
571,55,516,0.09632224168126094
572,25,547,0.043706293706293704
573,44,529,0.07678883071553229
574,31,543,0.05400696864111498
575,43,532,0.07478260869565218
576,28,548,0.04861111111111111
577,37,540,0.06412478336221837
578,25,553,0.04325259515570934
579,56,523,0.09671848013816926
580,27,553,0.04655172413793104
581,19,562,0.03270223752151463
582,23,559,0.03951890034364261
583,20,563,0.03430531732418525
584,44,540,0.07534246575342465
585,59,526,0.10085470085470086
586,46,540,0.07849829351535836
587,27,560,0.04599659284497445
588,50,538,0.08503401360544217
589,45,544,0.07640067911714771
590,74,516,0.12542372881355932
591,48,543,0.08121827411167512
592,49,543,0.08277027027027027
593,22,571,0.03709949409780776
594,21,573,0.03535353535353535
595,64,531,0.10756302521008404
596,35,561,0.0587248322147651
597,32,565,0.05360134003350084
598,19,579,0.03177257525083612
599,56,543,0.09348914858096828
600,45,555,0.075
601,51,550,0.08485856905158069
602,39,563,0.06478405315614617
603,26,577,0.04311774461028192
604,48,556,0.07947019867549669
605,50,555,0.08264462809917356
606,28,578,0.0462046204620462
607,46,561,0.0757825370675453
608,34,574,0.05592105263157895
609,50,559,0.08210180623973727
610,54,556,0.08852459016393442
611,19,592,0.031096563011456628
612,20,592,0.032679738562091505
613,44,569,0.07177814029363784
614,39,575,0.06351791530944625
615,43,572,0.06991869918699187
616,65,551,0.10551948051948051
617,32,585,0.05186385737439222
618,26,592,0.042071197411003236
619,47,572,0.07592891760904685
620,24,596,0.03870967741935484
621,27,594,0.043478260869565216
622,19,603,0.03054662379421222
623,46,577,0.0738362760834671
624,36,588,0.057692307692307696
625,26,599,0.0416
626,55,571,0.0878594249201278
627,26,601,0.04146730462519936
628,54,574,0.08598726114649681
629,19,610,0.030206677265500796
630,29,601,0.046031746031746035
631,21,610,0.03328050713153724
632,55,577,0.08702531645569621
633,35,598,0.05529225908372828
634,19,615,0.02996845425867508
635,20,615,0.031496062992125984
636,22,614,0.03459119496855346
637,19,618,0.029827315541601257
638,32,606,0.050156739811912224
639,36,603,0.056338028169014086
640,30,610,0.046875
641,45,596,0.07020280811232449
642,35,607,0.05451713395638629
643,47,596,0.07309486780715396
644,77,567,0.11956521739130435
645,40,605,0.06201550387596899
646,67,579,0.10371517027863777
647,27,620,0.04173106646058733
648,66,582,0.10185185185185185
649,32,617,0.04930662557781202
650,41,609,0.06307692307692307
651,51,600,0.07834101382488479
652,37,615,0.05674846625766871
653,48,605,0.07350689127105667
654,20,634,0.03058103975535168
655,68,587,0.10381679389312977
656,29,627,0.04420731707317073
657,32,625,0.0487062404870624
658,47,611,0.07142857142857142
659,27,632,0.0409711684370258
660,25,635,0.03787878787878788
661,32,629,0.048411497730711045
662,21,641,0.03172205438066465
663,71,592,0.10708898944193061
664,41,623,0.061746987951807226
665,27,638,0.0406015037593985
666,33,633,0.04954954954954955
667,52,615,0.07796101949025487
668,33,635,0.04940119760479042
669,38,631,0.05680119581464873
670,84,586,0.1253731343283582
671,20,651,0.029806259314456036
672,36,636,0.05357142857142857
673,50,623,0.07429420505200594
674,41,633,0.06083086053412463
675,31,644,0.045925925925925926
676,57,619,0.08431952662721894
677,22,655,0.03249630723781388
678,58,620,0.0855457227138643
679,24,655,0.035346097201767304
680,38,642,0.05588235294117647
681,42,639,0.06167400881057269
682,23,659,0.03372434017595308
683,27,656,0.03953147877013177
684,20,664,0.029239766081871343
685,46,639,0.06715328467153285
686,41,645,0.0597667638483965
687,78,609,0.11353711790393013
688,37,651,0.05377906976744186
689,28,661,0.040638606676342524
690,28,662,0.04057971014492753
691,21,670,0.030390738060781478
692,41,651,0.059248554913294796
693,34,659,0.049062049062049064
694,54,640,0.07780979827089338
695,20,675,0.02877697841726619
696,26,670,0.03735632183908046
697,49,648,0.0703012912482066
698,29,669,0.04154727793696275
699,52,647,0.07439198855507868
700,41,659,0.05857142857142857
701,34,667,0.04850213980028531
702,20,682,0.02849002849002849
703,45,658,0.06401137980085349
704,54,650,0.07670454545454546
705,53,652,0.075177304964539
706,59,647,0.08356940509915015
707,20,687,0.028288543140028287
708,39,669,0.05508474576271186
709,58,651,0.08180535966149506
710,20,690,0.028169014084507043
711,28,683,0.03938115330520394
712,71,641,0.0997191011235955
713,46,667,0.06451612903225806
714,21,693,0.029411764705882353
715,50,665,0.06993006993006994
716,42,674,0.05865921787709497
717,38,679,0.05299860529986053
718,58,660,0.0807799442896936
719,29,690,0.04033379694019471
720,48,672,0.06666666666666667
721,25,696,0.03467406380027739
722,42,680,0.05817174515235457
723,46,677,0.0636237897648686
724,32,692,0.04419889502762431
725,23,702,0.031724137931034485
726,28,698,0.03856749311294766
727,49,678,0.06740027510316368
728,38,690,0.0521978021978022
729,52,677,0.07133058984910837
730,46,684,0.06301369863013699
731,53,678,0.07250341997264022
732,24,708,0.03278688524590164
733,21,712,0.0286493860845839
734,38,696,0.051771117166212535
735,28,707,0.0380952380952381
736,58,678,0.07880434782608696
737,70,667,0.09497964721845319
738,46,692,0.06233062330623306
739,28,711,0.037889039242219216
740,44,696,0.05945945945945946
741,30,711,0.04048582995951417
742,44,698,0.05929919137466307
743,71,672,0.0955585464333782
744,33,711,0.04435483870967742
745,22,723,0.02953020134228188
746,43,703,0.057640750670241284
747,39,708,0.05220883534136546
748,53,695,0.07085561497326204
749,54,695,0.07209612817089453
750,21,729,0.028
751,57,694,0.0758988015978695
752,36,716,0.047872340425531915
753,34,719,0.0451527224435591
754,54,700,0.07161803713527852
755,53,702,0.07019867549668875
756,33,723,0.04365079365079365
757,30,727,0.03963011889035667
758,29,729,0.03825857519788918
759,37,722,0.048748353096179184
760,43,717,0.056578947368421055
761,52,709,0.0683311432325887
762,36,726,0.047244094488188976
763,21,742,0.027522935779816515
764,47,717,0.061518324607329845
765,64,701,0.08366013071895424
766,23,743,0.030026109660574413
767,47,720,0.061277705345501955
768,28,740,0.036458333333333336
769,37,732,0.04811443433029909
770,47,723,0.06103896103896104
771,51,720,0.06614785992217899
772,71,701,0.09196891191709844
773,40,733,0.0517464424320828
774,21,753,0.027131782945736434
775,48,727,0.06193548387096774
776,29,747,0.037371134020618556
777,66,711,0.08494208494208494
778,63,715,0.08097686375321336
779,24,755,0.03080872913992298
780,25,755,0.03205128205128205
781,21,760,0.026888604353393086
782,34,748,0.043478260869565216
783,59,724,0.07535121328224777
784,69,715,0.08801020408163265
785,31,754,0.03949044585987261
786,21,765,0.026717557251908396
787,38,749,0.048284625158831
788,29,759,0.03680203045685279
789,21,768,0.026615969581749048
790,49,741,0.0620253164556962
791,31,760,0.039190897597977246
792,45,747,0.056818181818181816
793,37,756,0.04665825977301387
794,29,765,0.036523929471032744
795,47,748,0.05911949685534591
796,34,762,0.04271356783919598
797,22,775,0.027603513174404015
798,41,757,0.05137844611528822
799,60,739,0.07509386733416772
800,44,756,0.055
801,63,738,0.07865168539325842
802,29,773,0.03615960099750624
803,23,780,0.028642590286425903
804,72,732,0.08955223880597014
805,48,757,0.05962732919254658
806,45,761,0.05583126550868486
807,98,709,0.12143742255266418
808,36,772,0.04455445544554455
809,55,754,0.06798516687268233
810,30,780,0.037037037037037035
811,39,772,0.04808877928483354
812,50,762,0.06157635467980296
813,33,780,0.04059040590405904
814,40,774,0.04914004914004914
815,61,754,0.07484662576687116
816,22,794,0.02696078431372549
817,58,759,0.07099143206854346
818,35,783,0.042787286063569685
819,59,760,0.07203907203907203
820,43,777,0.0524390243902439
821,66,755,0.08038976857490865
822,24,798,0.029197080291970802
823,55,768,0.06682867557715674
824,26,798,0.03155339805825243
825,38,787,0.04606060606060606
826,52,774,0.06295399515738499
827,31,796,0.037484885126964934
828,36,792,0.043478260869565216
829,44,785,0.05307599517490953
830,32,798,0.03855421686746988
831,30,801,0.036101083032490974
832,47,785,0.056490384615384616
833,22,811,0.026410564225690276
834,23,811,0.027577937649880094
835,49,786,0.058682634730538925
836,64,772,0.07655502392344497
837,50,787,0.05973715651135006
838,60,778,0.07159904534606205
839,40,799,0.04767580452920143
840,46,794,0.05476190476190476
841,28,813,0.03329369797859691
842,36,806,0.04275534441805225
843,67,776,0.07947805456702253
844,64,780,0.07582938388625593
845,45,800,0.05325443786982249
846,22,824,0.026004728132387706
847,65,782,0.07674144037780402
848,51,797,0.060141509433962265
849,59,790,0.06949352179034157
850,37,813,0.04352941176470588
851,54,797,0.06345475910693302
852,36,816,0.04225352112676056
853,52,801,0.06096131301289566
854,34,820,0.03981264637002342
855,30,825,0.03508771929824561
856,47,809,0.054906542056074766
857,22,835,0.025670945157526253
858,36,822,0.04195804195804196
859,30,829,0.034924330616996506
860,48,812,0.05581395348837209
861,31,830,0.036004645760743324
862,38,824,0.04408352668213457
863,23,840,0.026651216685979143
864,22,842,0.02546296296296296
865,44,821,0.05086705202312139
866,66,800,0.07621247113163972
867,65,802,0.07497116493656286
868,51,817,0.0587557603686636
869,22,847,0.02531645569620253
870,27,843,0.03103448275862069
871,62,809,0.0711825487944891
872,22,850,0.02522935779816514
873,33,840,0.037800687285223365
874,66,808,0.07551487414187644
875,32,843,0.036571428571428574
876,44,832,0.0502283105022831
877,52,825,0.059293044469783354
878,45,833,0.05125284738041002
879,51,828,0.05802047781569966
880,25,855,0.028409090909090908
881,29,852,0.032917139614074914
882,46,836,0.05215419501133787
883,26,857,0.02944507361268403
884,77,807,0.08710407239819004
885,60,825,0.06779661016949153
886,23,863,0.025959367945823927
887,31,856,0.03494926719278467
888,31,857,0.03490990990990991
889,74,815,0.08323959505061868
890,37,853,0.04157303370786517
891,42,849,0.04713804713804714
892,37,855,0.04147982062780269
893,40,853,0.04479283314669653
894,35,859,0.039149888143176735
895,42,853,0.04692737430167598
896,37,859,0.041294642857142856
897,44,853,0.04905239687848383
898,66,832,0.07349665924276169
899,76,823,0.08453837597330367
900,24,876,0.02666666666666667
901,52,849,0.05771365149833518
902,37,865,0.041019955654102
903,54,849,0.059800664451827246
904,54,850,0.059734513274336286
905,23,882,0.02541436464088398
906,46,860,0.05077262693156733
907,42,865,0.04630650496141125
908,74,834,0.08149779735682819
909,42,867,0.0462046204620462
910,37,873,0.04065934065934066
911,63,848,0.06915477497255763
912,28,884,0.03070175438596491
913,61,852,0.06681270536692223
914,32,882,0.0350109409190372
915,37,878,0.040437158469945354
916,72,844,0.07860262008733625
917,31,886,0.03380588876772083
918,34,884,0.037037037037037035
919,58,861,0.06311207834602829
920,58,862,0.06304347826086956
921,74,847,0.08034744842562432
922,23,899,0.024945770065075923
923,25,898,0.027085590465872156
924,47,877,0.050865800865800864
925,44,881,0.04756756756756757
926,38,888,0.04103671706263499
927,38,889,0.040992448759439054
928,32,896,0.034482758620689655
929,30,899,0.03229278794402583
930,48,882,0.05161290322580645
931,24,907,0.02577873254564984
932,52,880,0.055793991416309016
933,86,847,0.09217577706323687
934,59,875,0.06316916488222699
935,23,912,0.02459893048128342
936,26,910,0.027777777777777776
937,59,878,0.06296691568836713
938,38,900,0.04051172707889126
939,55,884,0.058572949946751864
940,67,873,0.07127659574468086
941,44,897,0.04675876726886291
942,40,902,0.04246284501061571
943,51,892,0.05408271474019088
944,32,912,0.03389830508474576
945,52,893,0.05502645502645503
946,23,923,0.024312896405919663
947,35,912,0.03695881731784583
948,73,875,0.0770042194092827
949,42,907,0.044257112750263436
950,53,897,0.05578947368421053
951,60,891,0.06309148264984227
952,38,914,0.03991596638655462
953,23,930,0.024134312696747113
954,29,925,0.03039832285115304
955,52,903,0.05445026178010471
956,43,913,0.04497907949790795
957,47,910,0.04911180773249739
958,23,935,0.024008350730688934
959,42,917,0.043795620437956206
960,24,936,0.025
961,23,938,0.023933402705515087
962,38,924,0.0395010395010395
963,35,928,0.036344755970924195
964,25,939,0.025933609958506226
965,32,933,0.03316062176165803
966,33,933,0.034161490683229816
967,44,923,0.045501551189245086
968,38,930,0.03925619834710744
969,67,902,0.06914344685242518
970,52,918,0.05360824742268041
971,66,905,0.06797116374871266
972,48,924,0.04938271604938271
973,57,916,0.05858170606372045
974,34,940,0.03490759753593429
975,59,916,0.06051282051282051
976,70,906,0.07172131147540983
977,31,946,0.03172978505629478
978,37,941,0.03783231083844581
979,28,951,0.028600612870275793
980,32,948,0.0326530612244898
981,67,914,0.06829765545361875
982,41,941,0.04175152749490835
983,24,959,0.024415055951169887
984,49,935,0.049796747967479675
985,63,922,0.06395939086294417
986,39,947,0.03955375253549696
987,48,939,0.0486322188449848
988,54,934,0.05465587044534413
989,32,957,0.032355915065722954
990,27,963,0.02727272727272727
991,36,955,0.03632694248234107
992,53,939,0.05342741935483871
993,32,961,0.032225579053373615
994,67,927,0.06740442655935613
995,40,955,0.04020100502512563
996,70,926,0.07028112449799197
997,68,929,0.06820461384152457
998,53,945,0.0531062124248497
999,33,966,0.03303303303303303
